14:28:09 23-07-2019,88
14:28:09 23-07-2019,88
14:28:10 23-07-2019,315
14:28:10 23-07-2019,358
14:28:11 23-07-2019,45
14:28:11 23-07-2019,284
14:28:11 23-07-2019,135
14:28:11 23-07-2019,135
14:28:12 23-07-2019,14
14:28:12 23-07-2019,88
14:28:12 23-07-2019,88
14:28:12 23-07-2019,14
14:28:12 23-07-2019,14
14:28:14 23-07-2019,88
14:28:14 23-07-2019,88
14:28:14 23-07-2019,88
14:28:16 23-07-2019,14
14:28:16 23-07-2019,358
14:28:16 23-07-2019,358
14:28:16 23-07-2019,14
14:28:17 23-07-2019,178
14:28:17 23-07-2019,178
14:28:18 23-07-2019,151
14:28:18 23-07-2019,61
14:28:18 23-07-2019,178
14:28:18 23-07-2019,178
14:28:19 23-07-2019,178
14:28:19 23-07-2019,358
14:28:19 23-07-2019,358
14:28:19 23-07-2019,358
14:28:20 23-07-2019,284
14:28:20 23-07-2019,284
14:28:20 23-07-2019,300
14:28:21 23-07-2019,300
14:28:22 23-07-2019,358
14:28:22 23-07-2019,358
14:28:22 23-07-2019,284
14:28:22 23-07-2019,194
14:28:24 23-07-2019,30
14:28:24 23-07-2019,30
14:28:24 23-07-2019,104
14:28:25 23-07-2019,88
14:28:25 23-07-2019,88
14:28:25 23-07-2019,45
14:28:26 23-07-2019,88
14:28:26 23-07-2019,88
14:28:26 23-07-2019,358
14:28:26 23-07-2019,358
14:28:26 23-07-2019,358
14:28:27 23-07-2019,358
14:28:27 23-07-2019,358
14:28:27 23-07-2019,358
14:28:27 23-07-2019,358
14:28:27 23-07-2019,358
14:28:28 23-07-2019,358
14:28:28 23-07-2019,358
14:28:28 23-07-2019,358
14:28:28 23-07-2019,358
14:28:28 23-07-2019,358
14:28:29 23-07-2019,358
14:28:29 23-07-2019,358
14:28:29 23-07-2019,358
14:28:29 23-07-2019,358
14:28:29 23-07-2019,358
14:28:30 23-07-2019,358
14:28:30 23-07-2019,358
14:28:30 23-07-2019,358
14:28:30 23-07-2019,358
14:28:30 23-07-2019,358
14:28:31 23-07-2019,358
14:28:31 23-07-2019,178
14:28:32 23-07-2019,135
14:28:32 23-07-2019,358
14:28:32 23-07-2019,358
14:28:32 23-07-2019,358
14:28:32 23-07-2019,358
14:28:33 23-07-2019,358
14:28:33 23-07-2019,358
14:28:33 23-07-2019,358
14:28:33 23-07-2019,358
14:28:34 23-07-2019,358
14:28:34 23-07-2019,358
14:28:34 23-07-2019,358
14:28:34 23-07-2019,358
14:28:35 23-07-2019,358
14:28:35 23-07-2019,358
14:28:35 23-07-2019,358
14:28:36 23-07-2019,14
14:28:36 23-07-2019,14
14:28:37 23-07-2019,358
14:28:37 23-07-2019,358
14:28:37 23-07-2019,358
14:28:37 23-07-2019,358
14:28:37 23-07-2019,14
14:28:38 23-07-2019,358
14:28:38 23-07-2019,358
14:28:38 23-07-2019,358
14:28:38 23-07-2019,358
14:28:38 23-07-2019,135
14:28:39 23-07-2019,178
14:28:39 23-07-2019,178
14:28:39 23-07-2019,135
14:28:39 23-07-2019,61
14:28:39 23-07-2019,135
14:28:40 23-07-2019,178
14:28:40 23-07-2019,135
14:28:40 23-07-2019,135
14:28:41 23-07-2019,135
14:28:41 23-07-2019,14
14:28:42 23-07-2019,358
14:28:42 23-07-2019,358
14:28:42 23-07-2019,14
14:28:42 23-07-2019,135
14:28:42 23-07-2019,135
14:28:43 23-07-2019,178
14:28:43 23-07-2019,135
14:28:43 23-07-2019,178
14:28:43 23-07-2019,178
14:28:43 23-07-2019,178
14:28:44 23-07-2019,178
14:28:44 23-07-2019,178
14:28:44 23-07-2019,151
14:28:44 23-07-2019,151
14:28:45 23-07-2019,178
14:28:45 23-07-2019,178
14:28:45 23-07-2019,178
14:28:45 23-07-2019,178
14:28:46 23-07-2019,178
14:28:46 23-07-2019,178
14:28:46 23-07-2019,178
14:28:46 23-07-2019,135
14:28:47 23-07-2019,358
14:28:47 23-07-2019,178
14:28:47 23-07-2019,178
14:28:47 23-07-2019,135
14:28:48 23-07-2019,358
14:28:48 23-07-2019,241
14:28:48 23-07-2019,225
14:28:49 23-07-2019,358
14:28:49 23-07-2019,358
14:28:49 23-07-2019,14
14:28:50 23-07-2019,358
14:28:50 23-07-2019,358
14:28:50 23-07-2019,358
14:28:51 23-07-2019,300
14:28:51 23-07-2019,151
14:28:51 23-07-2019,151
14:28:51 23-07-2019,135
14:28:51 23-07-2019,284
14:28:52 23-07-2019,151
14:28:52 23-07-2019,135
14:28:52 23-07-2019,284
14:28:52 23-07-2019,225
14:28:52 23-07-2019,135
14:28:53 23-07-2019,135
14:28:53 23-07-2019,135
14:28:53 23-07-2019,135
14:28:53 23-07-2019,151
14:28:53 23-07-2019,135
14:28:54 23-07-2019,135
14:28:54 23-07-2019,135
14:28:54 23-07-2019,135
14:28:55 23-07-2019,358
14:28:55 23-07-2019,358
14:28:55 23-07-2019,358
14:28:55 23-07-2019,82
14:28:55 23-07-2019,151
14:28:56 23-07-2019,82
14:28:56 23-07-2019,284
14:28:56 23-07-2019,358
14:28:56 23-07-2019,61
14:28:57 23-07-2019,358
14:28:57 23-07-2019,358
14:28:57 23-07-2019,358
14:28:57 23-07-2019,358
14:28:57 23-07-2019,358
14:28:58 23-07-2019,358
14:28:58 23-07-2019,151
14:28:58 23-07-2019,178
14:28:58 23-07-2019,241
14:28:59 23-07-2019,358
14:28:59 23-07-2019,178
14:28:59 23-07-2019,151
14:28:59 23-07-2019,151
14:29:00 23-07-2019,194
14:29:00 23-07-2019,82
14:29:00 23-07-2019,151
14:29:00 23-07-2019,151
14:29:00 23-07-2019,358
14:29:01 23-07-2019,82
14:29:01 23-07-2019,82
14:29:01 23-07-2019,82
14:29:01 23-07-2019,82
14:29:01 23-07-2019,61
14:29:02 23-07-2019,358
14:29:02 23-07-2019,358
14:29:02 23-07-2019,178
14:29:02 23-07-2019,61
14:29:02 23-07-2019,178
14:29:03 23-07-2019,178
14:29:03 23-07-2019,358
14:29:03 23-07-2019,82
14:29:04 23-07-2019,284
14:29:05 23-07-2019,300
14:29:05 23-07-2019,300
14:29:05 23-07-2019,225
14:29:05 23-07-2019,284
14:29:06 23-07-2019,300
14:29:06 23-07-2019,284
14:29:06 23-07-2019,225
14:29:07 23-07-2019,284
14:29:07 23-07-2019,178
14:29:07 23-07-2019,225
14:29:07 23-07-2019,284
14:29:08 23-07-2019,225
14:29:08 23-07-2019,284
14:29:08 23-07-2019,178
14:29:08 23-07-2019,178
14:29:08 23-07-2019,178
14:29:09 23-07-2019,178
14:29:09 23-07-2019,178
14:29:09 23-07-2019,178
14:29:09 23-07-2019,178
14:29:09 23-07-2019,178
14:29:10 23-07-2019,178
14:29:10 23-07-2019,178
14:29:10 23-07-2019,178
14:29:11 23-07-2019,178
14:29:11 23-07-2019,178
14:29:12 23-07-2019,178
14:29:12 23-07-2019,178
14:29:12 23-07-2019,178
14:29:13 23-07-2019,178
14:29:13 23-07-2019,178
14:29:13 23-07-2019,178
14:29:13 23-07-2019,178
14:29:13 23-07-2019,178
14:29:14 23-07-2019,178
14:29:14 23-07-2019,178
14:29:14 23-07-2019,178
14:29:14 23-07-2019,358
14:29:14 23-07-2019,61
14:29:15 23-07-2019,178
14:29:15 23-07-2019,178
14:29:15 23-07-2019,178
14:29:15 23-07-2019,178
14:29:15 23-07-2019,178
14:29:16 23-07-2019,178
14:29:16 23-07-2019,178
14:29:17 23-07-2019,178
14:29:17 23-07-2019,178
14:29:17 23-07-2019,178
14:29:17 23-07-2019,178
14:29:18 23-07-2019,178
14:29:18 23-07-2019,178
14:29:18 23-07-2019,178
14:29:18 23-07-2019,178
14:29:19 23-07-2019,178
14:29:19 23-07-2019,178
14:29:19 23-07-2019,178
14:29:19 23-07-2019,178
14:29:19 23-07-2019,178
14:29:20 23-07-2019,178
14:29:20 23-07-2019,178
14:29:20 23-07-2019,178
14:29:20 23-07-2019,178
14:29:21 23-07-2019,178
14:29:21 23-07-2019,178
14:29:21 23-07-2019,178
14:29:21 23-07-2019,358
14:29:22 23-07-2019,358
14:29:22 23-07-2019,14
14:29:22 23-07-2019,358
14:29:22 23-07-2019,14
14:29:23 23-07-2019,358
14:29:23 23-07-2019,30
14:29:23 23-07-2019,358
14:29:23 23-07-2019,14
14:29:24 23-07-2019,14
14:29:24 23-07-2019,14
14:29:24 23-07-2019,358
14:29:24 23-07-2019,358
14:29:24 23-07-2019,14
14:29:25 23-07-2019,358
14:29:25 23-07-2019,358
14:29:25 23-07-2019,14
14:29:25 23-07-2019,358
14:29:25 23-07-2019,358
14:29:26 23-07-2019,358
14:29:26 23-07-2019,358
14:29:26 23-07-2019,358
14:29:26 23-07-2019,358
14:29:27 23-07-2019,178
14:29:27 23-07-2019,178
14:29:27 23-07-2019,178
14:29:27 23-07-2019,178
14:29:27 23-07-2019,178
14:29:28 23-07-2019,358
14:29:28 23-07-2019,14
14:29:28 23-07-2019,358
14:29:29 23-07-2019,358
14:29:29 23-07-2019,358
14:29:29 23-07-2019,14
14:29:29 23-07-2019,358
14:29:29 23-07-2019,14
14:29:30 23-07-2019,14
14:29:30 23-07-2019,14
14:29:30 23-07-2019,14
14:29:31 23-07-2019,358
14:29:31 23-07-2019,358
14:29:31 23-07-2019,358
14:29:32 23-07-2019,358
14:29:32 23-07-2019,358
14:29:32 23-07-2019,358
14:29:32 23-07-2019,358
14:29:33 23-07-2019,358
14:29:33 23-07-2019,358
14:29:33 23-07-2019,358
14:29:33 23-07-2019,358
14:29:34 23-07-2019,358
14:29:34 23-07-2019,14
14:29:34 23-07-2019,358
14:29:34 23-07-2019,135
14:29:34 23-07-2019,135
14:29:35 23-07-2019,178
14:29:35 23-07-2019,61
14:29:35 23-07-2019,135
14:29:35 23-07-2019,178
14:29:35 23-07-2019,135
14:29:36 23-07-2019,178
14:29:36 23-07-2019,178
14:29:36 23-07-2019,135
14:29:36 23-07-2019,178
14:29:37 23-07-2019,178
14:29:37 23-07-2019,178
14:29:37 23-07-2019,178
14:29:37 23-07-2019,151
14:29:37 23-07-2019,178
14:29:38 23-07-2019,135
14:29:38 23-07-2019,358
14:29:38 23-07-2019,61
14:29:38 23-07-2019,82
14:29:39 23-07-2019,14
14:29:39 23-07-2019,358
14:29:39 23-07-2019,358
14:29:39 23-07-2019,358
14:29:39 23-07-2019,14
14:29:40 23-07-2019,358
14:29:40 23-07-2019,358
14:29:40 23-07-2019,14
14:29:40 23-07-2019,358
14:29:41 23-07-2019,358
14:29:41 23-07-2019,358
14:29:42 23-07-2019,178
14:29:42 23-07-2019,178
14:29:42 23-07-2019,358
14:29:42 23-07-2019,135
14:29:43 23-07-2019,61
14:29:43 23-07-2019,178
14:29:43 23-07-2019,178
14:29:43 23-07-2019,178
14:29:43 23-07-2019,178
14:29:44 23-07-2019,178
14:29:44 23-07-2019,178
14:29:44 23-07-2019,178
14:29:44 23-07-2019,14
14:29:44 23-07-2019,14
14:29:45 23-07-2019,358
14:29:45 23-07-2019,178
14:29:45 23-07-2019,178
14:29:46 23-07-2019,178
14:29:46 23-07-2019,178
14:29:46 23-07-2019,178
14:29:46 23-07-2019,178
14:29:47 23-07-2019,178
14:29:47 23-07-2019,178
14:29:47 23-07-2019,178
14:29:48 23-07-2019,151
14:29:48 23-07-2019,120
14:29:48 23-07-2019,178
14:29:48 23-07-2019,178
14:29:48 23-07-2019,178
14:29:49 23-07-2019,178
14:29:49 23-07-2019,178
14:29:49 23-07-2019,178
14:29:49 23-07-2019,178
14:29:49 23-07-2019,178
14:29:50 23-07-2019,178
14:29:50 23-07-2019,178
14:29:50 23-07-2019,178
14:29:50 23-07-2019,178
14:29:50 23-07-2019,178
14:29:51 23-07-2019,178
14:29:51 23-07-2019,178
14:29:51 23-07-2019,178
14:29:51 23-07-2019,178
14:29:52 23-07-2019,178
14:29:52 23-07-2019,178
14:29:52 23-07-2019,358
14:29:52 23-07-2019,358
14:29:53 23-07-2019,178
14:29:53 23-07-2019,178
14:29:53 23-07-2019,178
14:29:53 23-07-2019,178
14:29:53 23-07-2019,178
14:29:54 23-07-2019,178
14:29:54 23-07-2019,178
14:29:54 23-07-2019,178
14:29:54 23-07-2019,178
14:29:54 23-07-2019,178
14:29:55 23-07-2019,178
14:29:55 23-07-2019,178
14:29:55 23-07-2019,178
14:29:55 23-07-2019,151
14:29:55 23-07-2019,178
14:29:56 23-07-2019,178
14:29:56 23-07-2019,178
14:29:56 23-07-2019,178
14:29:56 23-07-2019,151
14:29:56 23-07-2019,178
14:29:57 23-07-2019,178
14:29:57 23-07-2019,151
14:29:58 23-07-2019,178
14:29:58 23-07-2019,151
14:29:58 23-07-2019,178
14:29:59 23-07-2019,178
14:29:59 23-07-2019,178
14:29:59 23-07-2019,178
14:29:59 23-07-2019,178
14:29:59 23-07-2019,151
14:30:00 23-07-2019,178
14:30:00 23-07-2019,178
14:30:00 23-07-2019,178
14:30:00 23-07-2019,358
14:30:01 23-07-2019,300
14:30:01 23-07-2019,358
14:30:01 23-07-2019,358
14:30:01 23-07-2019,14
14:30:01 23-07-2019,358
14:30:02 23-07-2019,358
14:30:02 23-07-2019,14
14:30:02 23-07-2019,358
14:30:02 23-07-2019,358
14:30:03 23-07-2019,358
14:30:03 23-07-2019,14
14:30:03 23-07-2019,358
14:30:03 23-07-2019,358
14:30:03 23-07-2019,358
14:30:04 23-07-2019,14
14:30:04 23-07-2019,14
14:30:04 23-07-2019,358
14:30:04 23-07-2019,358
14:30:04 23-07-2019,14
14:30:05 23-07-2019,14
14:30:05 23-07-2019,14
14:30:05 23-07-2019,358
14:30:06 23-07-2019,178
14:30:06 23-07-2019,178
14:30:06 23-07-2019,104
14:30:07 23-07-2019,178
14:30:07 23-07-2019,178
14:30:08 23-07-2019,178
14:30:08 23-07-2019,178
14:30:08 23-07-2019,178
14:30:08 23-07-2019,178
14:30:08 23-07-2019,178
14:30:09 23-07-2019,178
14:30:09 23-07-2019,178
14:30:09 23-07-2019,178
14:30:09 23-07-2019,178
14:30:09 23-07-2019,178
14:30:10 23-07-2019,178
14:30:10 23-07-2019,178
14:30:10 23-07-2019,178
14:30:10 23-07-2019,178
14:30:10 23-07-2019,210
14:30:11 23-07-2019,178
14:30:11 23-07-2019,178
14:30:12 23-07-2019,178
14:30:12 23-07-2019,178
14:30:12 23-07-2019,178
14:30:12 23-07-2019,178
14:30:12 23-07-2019,178
14:30:13 23-07-2019,135
14:30:13 23-07-2019,178
14:30:13 23-07-2019,178
14:30:13 23-07-2019,178
14:30:13 23-07-2019,178
14:30:14 23-07-2019,151
14:30:14 23-07-2019,178
14:30:14 23-07-2019,178
14:30:14 23-07-2019,178
14:30:15 23-07-2019,178
14:30:15 23-07-2019,178
14:30:15 23-07-2019,178
14:30:15 23-07-2019,178
14:30:15 23-07-2019,178
14:30:16 23-07-2019,178
14:30:16 23-07-2019,178
14:30:16 23-07-2019,178
14:30:16 23-07-2019,178
14:30:16 23-07-2019,178
14:30:17 23-07-2019,178
14:30:17 23-07-2019,14
14:30:17 23-07-2019,178
14:30:18 23-07-2019,178
14:30:19 23-07-2019,178
14:30:19 23-07-2019,178
14:30:19 23-07-2019,178
14:30:20 23-07-2019,178
14:30:20 23-07-2019,178
14:30:21 23-07-2019,178
14:30:22 23-07-2019,178
14:30:22 23-07-2019,178
14:30:22 23-07-2019,178
14:30:22 23-07-2019,178
14:30:23 23-07-2019,178
14:30:23 23-07-2019,178
14:30:23 23-07-2019,178
14:30:23 23-07-2019,178
14:30:23 23-07-2019,178
14:30:24 23-07-2019,178
14:30:24 23-07-2019,178
14:30:24 23-07-2019,178
14:30:25 23-07-2019,178
14:30:25 23-07-2019,178
14:30:25 23-07-2019,178
14:30:25 23-07-2019,178
14:30:25 23-07-2019,178
14:30:26 23-07-2019,178
14:30:26 23-07-2019,178
14:30:26 23-07-2019,178
14:30:26 23-07-2019,178
14:30:27 23-07-2019,178
14:30:27 23-07-2019,178
14:30:27 23-07-2019,178
14:30:27 23-07-2019,178
14:30:27 23-07-2019,178
14:30:28 23-07-2019,178
14:30:28 23-07-2019,178
14:30:28 23-07-2019,178
14:30:28 23-07-2019,178
14:30:29 23-07-2019,178
14:30:29 23-07-2019,178
14:30:29 23-07-2019,178
14:30:29 23-07-2019,178
14:30:29 23-07-2019,178
14:30:30 23-07-2019,178
14:30:30 23-07-2019,178
14:30:30 23-07-2019,178
14:30:31 23-07-2019,178
14:30:31 23-07-2019,178
14:30:31 23-07-2019,178
14:30:31 23-07-2019,178
14:30:31 23-07-2019,178
14:30:32 23-07-2019,178
14:30:32 23-07-2019,178
14:30:33 23-07-2019,178
14:30:33 23-07-2019,178
14:30:33 23-07-2019,178
14:30:33 23-07-2019,178
14:30:33 23-07-2019,178
14:30:34 23-07-2019,178
14:30:34 23-07-2019,178
14:30:34 23-07-2019,178
14:30:34 23-07-2019,178
14:30:34 23-07-2019,178
14:30:35 23-07-2019,178
14:30:36 23-07-2019,178
14:30:36 23-07-2019,178
14:30:37 23-07-2019,178
14:30:37 23-07-2019,178
14:30:38 23-07-2019,178
14:30:38 23-07-2019,358
14:30:38 23-07-2019,358
14:30:38 23-07-2019,14
14:30:38 23-07-2019,14
14:30:39 23-07-2019,14
14:30:39 23-07-2019,358
14:30:39 23-07-2019,358
14:30:39 23-07-2019,358
14:30:39 23-07-2019,358
14:30:40 23-07-2019,358
14:30:40 23-07-2019,14
14:30:40 23-07-2019,14
14:30:40 23-07-2019,14
14:30:40 23-07-2019,358
14:30:41 23-07-2019,358
14:30:41 23-07-2019,358
14:30:41 23-07-2019,358
14:30:41 23-07-2019,14
14:30:41 23-07-2019,14
14:30:42 23-07-2019,14
14:30:42 23-07-2019,14
14:30:42 23-07-2019,14
14:30:42 23-07-2019,14
14:30:42 23-07-2019,358
14:30:43 23-07-2019,358
14:30:43 23-07-2019,358
14:30:43 23-07-2019,14
14:30:44 23-07-2019,358
14:30:44 23-07-2019,14
14:30:44 23-07-2019,358
14:30:44 23-07-2019,14
14:30:45 23-07-2019,358
14:30:45 23-07-2019,337
14:30:45 23-07-2019,14
14:30:45 23-07-2019,14
14:30:45 23-07-2019,14
14:30:46 23-07-2019,358
14:30:46 23-07-2019,358
14:30:47 23-07-2019,14
14:30:47 23-07-2019,14
14:30:48 23-07-2019,14
14:30:48 23-07-2019,14
14:30:48 23-07-2019,14
14:30:48 23-07-2019,358
14:30:48 23-07-2019,14
14:30:49 23-07-2019,358
14:30:49 23-07-2019,358
14:30:50 23-07-2019,14
14:30:50 23-07-2019,358
14:30:50 23-07-2019,358
14:30:50 23-07-2019,358
14:30:51 23-07-2019,358
14:30:51 23-07-2019,358
14:30:51 23-07-2019,358
14:30:51 23-07-2019,358
14:30:51 23-07-2019,358
14:30:52 23-07-2019,178
14:30:52 23-07-2019,178
14:30:52 23-07-2019,178
14:30:52 23-07-2019,178
14:30:53 23-07-2019,178
14:30:53 23-07-2019,178
14:30:53 23-07-2019,178
14:30:53 23-07-2019,178
14:30:53 23-07-2019,178
14:30:54 23-07-2019,178
14:30:54 23-07-2019,178
14:30:54 23-07-2019,178
14:30:55 23-07-2019,151
14:30:55 23-07-2019,178
14:30:55 23-07-2019,14
14:30:56 23-07-2019,14
14:30:56 23-07-2019,178
14:30:56 23-07-2019,61
14:30:56 23-07-2019,88
14:30:56 23-07-2019,30
14:30:57 23-07-2019,104
14:30:57 23-07-2019,82
14:30:58 23-07-2019,284
14:30:58 23-07-2019,225
14:30:58 23-07-2019,300
14:30:58 23-07-2019,284
14:30:58 23-07-2019,284
14:30:59 23-07-2019,300
14:30:59 23-07-2019,225
14:30:59 23-07-2019,284
14:30:59 23-07-2019,284
14:30:59 23-07-2019,284
14:31:00 23-07-2019,284
14:31:00 23-07-2019,284
14:31:00 23-07-2019,284
14:31:00 23-07-2019,284
14:31:00 23-07-2019,225
14:31:01 23-07-2019,241
14:31:01 23-07-2019,284
14:31:01 23-07-2019,284
14:31:01 23-07-2019,284
14:31:01 23-07-2019,284
14:31:02 23-07-2019,284
14:31:02 23-07-2019,225
14:31:02 23-07-2019,300
14:31:02 23-07-2019,300
14:31:03 23-07-2019,300
14:31:03 23-07-2019,284
14:31:03 23-07-2019,284
14:31:03 23-07-2019,284
14:31:03 23-07-2019,284
14:31:04 23-07-2019,284
14:31:04 23-07-2019,225
14:31:05 23-07-2019,284
14:31:05 23-07-2019,284
14:31:05 23-07-2019,284
14:31:05 23-07-2019,225
14:31:05 23-07-2019,284
14:31:06 23-07-2019,225
14:31:06 23-07-2019,284
14:31:06 23-07-2019,225
14:31:06 23-07-2019,284
14:31:06 23-07-2019,225
14:31:07 23-07-2019,284
14:31:07 23-07-2019,225
14:31:07 23-07-2019,225
14:31:07 23-07-2019,284
14:31:07 23-07-2019,225
14:31:08 23-07-2019,284
14:31:08 23-07-2019,284
14:31:08 23-07-2019,284
14:31:08 23-07-2019,284
14:31:09 23-07-2019,225
14:31:09 23-07-2019,284
14:31:09 23-07-2019,225
14:31:10 23-07-2019,284
14:31:10 23-07-2019,284
14:31:10 23-07-2019,284
14:31:10 23-07-2019,284
14:31:10 23-07-2019,284
14:31:12 23-07-2019,284
14:31:12 23-07-2019,284
14:31:12 23-07-2019,284
14:31:12 23-07-2019,284
14:31:12 23-07-2019,225
14:31:13 23-07-2019,284
14:31:13 23-07-2019,284
14:31:13 23-07-2019,284
14:31:13 23-07-2019,284
14:31:13 23-07-2019,284
14:31:14 23-07-2019,284
14:31:14 23-07-2019,284
14:31:14 23-07-2019,284
14:31:14 23-07-2019,284
14:31:15 23-07-2019,225
14:31:15 23-07-2019,284
14:31:15 23-07-2019,300
14:31:16 23-07-2019,284
14:31:16 23-07-2019,284
14:31:16 23-07-2019,225
14:31:16 23-07-2019,284
14:31:16 23-07-2019,284
14:31:17 23-07-2019,225
14:31:17 23-07-2019,284
14:31:18 23-07-2019,88
14:31:18 23-07-2019,315
14:31:18 23-07-2019,104
14:31:18 23-07-2019,14
14:31:18 23-07-2019,88
14:31:19 23-07-2019,88
14:31:19 23-07-2019,14
14:31:19 23-07-2019,88
14:31:19 23-07-2019,88
14:31:20 23-07-2019,194
14:31:20 23-07-2019,284
14:31:21 23-07-2019,284
14:31:21 23-07-2019,284
14:31:21 23-07-2019,225
14:31:21 23-07-2019,225
14:31:21 23-07-2019,225
14:31:22 23-07-2019,284
14:31:22 23-07-2019,284
14:31:22 23-07-2019,284
14:31:22 23-07-2019,284
14:31:22 23-07-2019,284
14:31:23 23-07-2019,300
14:31:23 23-07-2019,30
14:31:23 23-07-2019,284
14:31:24 23-07-2019,284
14:31:24 23-07-2019,241
14:31:24 23-07-2019,178
14:31:24 23-07-2019,178
14:31:25 23-07-2019,178
14:31:25 23-07-2019,135
14:31:25 23-07-2019,225
14:31:25 23-07-2019,284
14:31:25 23-07-2019,225
14:31:26 23-07-2019,284
14:31:26 23-07-2019,284
14:31:26 23-07-2019,284
14:31:26 23-07-2019,225
14:31:26 23-07-2019,284
14:31:27 23-07-2019,30
14:31:27 23-07-2019,284
14:31:27 23-07-2019,284
14:31:27 23-07-2019,284
14:31:27 23-07-2019,284
14:31:28 23-07-2019,284
14:31:28 23-07-2019,284
14:31:29 23-07-2019,284
14:31:29 23-07-2019,284
14:31:29 23-07-2019,284
14:31:29 23-07-2019,284
14:31:30 23-07-2019,284
14:31:30 23-07-2019,284
14:31:30 23-07-2019,284
14:31:30 23-07-2019,284
14:31:31 23-07-2019,82
14:31:31 23-07-2019,225
14:31:31 23-07-2019,284
14:31:31 23-07-2019,225
14:31:32 23-07-2019,284
14:31:32 23-07-2019,284
14:31:32 23-07-2019,225
14:31:32 23-07-2019,284
14:31:32 23-07-2019,284
14:31:33 23-07-2019,284
14:31:33 23-07-2019,284
14:31:34 23-07-2019,82
14:31:34 23-07-2019,284
14:31:34 23-07-2019,284
14:31:34 23-07-2019,284
14:31:34 23-07-2019,82
14:31:35 23-07-2019,225
14:31:35 23-07-2019,284
14:31:35 23-07-2019,284
14:31:35 23-07-2019,284
14:31:35 23-07-2019,225
14:31:36 23-07-2019,284
14:31:36 23-07-2019,284
14:31:36 23-07-2019,225
14:31:36 23-07-2019,82
14:31:37 23-07-2019,82
14:31:37 23-07-2019,82
14:31:37 23-07-2019,14
14:31:37 23-07-2019,14
14:31:37 23-07-2019,82
14:31:38 23-07-2019,14
14:31:38 23-07-2019,82
14:31:38 23-07-2019,82
14:31:38 23-07-2019,82
14:31:38 23-07-2019,82
14:31:39 23-07-2019,82
14:31:39 23-07-2019,358
14:31:39 23-07-2019,358
14:31:40 23-07-2019,358
14:31:40 23-07-2019,358
14:31:40 23-07-2019,14
14:31:40 23-07-2019,358
14:31:40 23-07-2019,358
14:31:41 23-07-2019,358
14:31:41 23-07-2019,358
14:31:42 23-07-2019,358
14:31:42 23-07-2019,14
14:31:42 23-07-2019,358
14:31:42 23-07-2019,358
14:31:42 23-07-2019,358
14:31:43 23-07-2019,14
14:31:43 23-07-2019,358
14:31:43 23-07-2019,358
14:31:43 23-07-2019,358
14:31:43 23-07-2019,337
14:31:44 23-07-2019,178
14:31:44 23-07-2019,194
14:31:45 23-07-2019,45
14:31:45 23-07-2019,315
14:31:46 23-07-2019,358
14:31:46 23-07-2019,14
14:31:46 23-07-2019,14
14:31:46 23-07-2019,358
14:31:46 23-07-2019,14
14:31:47 23-07-2019,14
14:31:49 23-07-2019,358
14:31:49 23-07-2019,358
14:31:49 23-07-2019,358
14:31:49 23-07-2019,14
14:31:49 23-07-2019,358
14:31:50 23-07-2019,358
14:31:50 23-07-2019,315
14:31:50 23-07-2019,358
14:31:50 23-07-2019,358
14:31:51 23-07-2019,14
14:31:51 23-07-2019,358
14:31:51 23-07-2019,14
14:31:52 23-07-2019,14
14:31:52 23-07-2019,14
14:31:52 23-07-2019,358
14:31:53 23-07-2019,358
14:31:53 23-07-2019,14
14:31:53 23-07-2019,14
14:31:53 23-07-2019,358
14:31:54 23-07-2019,14
14:31:54 23-07-2019,151
14:31:55 23-07-2019,358
14:31:55 23-07-2019,358
14:31:55 23-07-2019,358
14:31:55 23-07-2019,358
14:31:56 23-07-2019,358
14:31:56 23-07-2019,358
14:31:56 23-07-2019,358
14:31:57 23-07-2019,14
14:31:57 23-07-2019,14
14:31:57 23-07-2019,358
14:31:57 23-07-2019,14
14:31:57 23-07-2019,14
14:31:58 23-07-2019,14
14:31:58 23-07-2019,358
14:31:58 23-07-2019,358
14:31:58 23-07-2019,358
14:31:59 23-07-2019,358
14:31:59 23-07-2019,358
14:32:00 23-07-2019,358
14:32:00 23-07-2019,14
14:32:00 23-07-2019,358
14:32:01 23-07-2019,358
14:32:01 23-07-2019,358
14:32:01 23-07-2019,358
14:32:01 23-07-2019,14
14:32:01 23-07-2019,14
14:32:02 23-07-2019,14
14:32:02 23-07-2019,358
14:32:02 23-07-2019,358
14:32:03 23-07-2019,14
14:32:03 23-07-2019,358
14:32:03 23-07-2019,14
14:32:03 23-07-2019,14
14:32:04 23-07-2019,358
14:32:04 23-07-2019,14
14:32:04 23-07-2019,14
14:32:04 23-07-2019,14
14:32:05 23-07-2019,14
14:32:05 23-07-2019,358
14:32:06 23-07-2019,358
14:32:06 23-07-2019,358
14:32:06 23-07-2019,358
14:32:07 23-07-2019,14
14:32:07 23-07-2019,358
14:32:08 23-07-2019,14
14:32:08 23-07-2019,358
14:32:08 23-07-2019,14
14:32:08 23-07-2019,14
14:32:08 23-07-2019,358
14:32:09 23-07-2019,358
14:32:10 23-07-2019,358
14:32:10 23-07-2019,88
14:32:11 23-07-2019,88
14:32:11 23-07-2019,300
14:32:11 23-07-2019,82
14:32:11 23-07-2019,82
14:32:11 23-07-2019,82
14:32:12 23-07-2019,82
14:32:12 23-07-2019,82
14:32:12 23-07-2019,225
14:32:13 23-07-2019,14
14:32:13 23-07-2019,88
14:32:13 23-07-2019,14
14:32:13 23-07-2019,88
14:32:13 23-07-2019,88
14:32:14 23-07-2019,14
14:32:14 23-07-2019,82
14:32:14 23-07-2019,151
14:32:14 23-07-2019,120
14:32:14 23-07-2019,120
14:32:15 23-07-2019,284
14:32:15 23-07-2019,284
14:32:15 23-07-2019,284
14:32:15 23-07-2019,284
14:32:15 23-07-2019,225
14:32:16 23-07-2019,225
14:32:16 23-07-2019,284
14:32:16 23-07-2019,225
14:32:17 23-07-2019,14
14:32:17 23-07-2019,14
14:32:17 23-07-2019,14
14:32:18 23-07-2019,88
14:32:18 23-07-2019,45
14:32:18 23-07-2019,14
14:32:18 23-07-2019,88
14:32:18 23-07-2019,88
14:32:19 23-07-2019,88
14:32:19 23-07-2019,88
14:32:19 23-07-2019,88
14:32:19 23-07-2019,88
14:32:19 23-07-2019,14
14:32:20 23-07-2019,14
14:32:20 23-07-2019,14
14:32:20 23-07-2019,88
14:32:21 23-07-2019,30
14:32:21 23-07-2019,14
14:32:21 23-07-2019,14
14:32:21 23-07-2019,14
14:32:21 23-07-2019,14
14:32:22 23-07-2019,88
14:32:22 23-07-2019,88
14:32:22 23-07-2019,178
14:32:22 23-07-2019,284
14:32:23 23-07-2019,284
14:32:23 23-07-2019,358
14:32:23 23-07-2019,178
14:32:24 23-07-2019,88
14:32:24 23-07-2019,241
14:32:24 23-07-2019,14
14:32:24 23-07-2019,88
14:32:24 23-07-2019,151
14:32:25 23-07-2019,14
14:32:25 23-07-2019,88
14:32:25 23-07-2019,30
